{"assets/icon/IconPack1.ttf":["assets/icon/IconPack1.ttf"],"assets/icon/MyFlutterApp.ttf":["assets/icon/MyFlutterApp.ttf"],"assets/images/1845134_result-removebg-preview.png":["assets/images/1845134_result-removebg-preview.png"],"assets/images/198881058375926-removebg-preview.png":["assets/images/198881058375926-removebg-preview.png"],"assets/images/Ads.png":["assets/images/Ads.png"],"assets/images/Ads1.jpg":["assets/images/Ads1.jpg"],"assets/images/Ads2.jpg":["assets/images/Ads2.jpg"],"assets/images/Ads3.jpg":["assets/images/Ads3.jpg"],"assets/images/Ads4.jpg":["assets/images/Ads4.jpg"],"assets/images/Computer_Product.png":["assets/images/Computer_Product.png"],"assets/images/Logo.png":["assets/images/Logo.png"],"assets/images/facebook.png":["assets/images/facebook.png"],"assets/images/hi.png":["assets/images/hi.png"],"assets/images/instagram.png":["assets/images/instagram.png"],"assets/images/iphone-13-midnight-select-2021.534x728_m_4-removebg-preview.png":["assets/images/iphone-13-midnight-select-2021.534x728_m_4-removebg-preview.png"],"assets/images/makita_hp1640k-removebg-preview.png":["assets/images/makita_hp1640k-removebg-preview.png"],"assets/images/samsung_galaxy_tab_a7_10.4_wifi_sm-t500nzaasek_grey_1_2-removebg-preview.png":["assets/images/samsung_galaxy_tab_a7_10.4_wifi_sm-t500nzaasek_grey_1_2-removebg-preview.png"],"assets/images/t1-w-03_result-removebg-preview.png":["assets/images/t1-w-03_result-removebg-preview.png"],"assets/images/telegram.png":["assets/images/telegram.png"],"assets/images/toshiba_1-removebg-preview.png":["assets/images/toshiba_1-removebg-preview.png"],"assets/images/u0394422_big_1__1-removebg-preview.png":["assets/images/u0394422_big_1__1-removebg-preview.png"],"assets/images/viber.png":["assets/images/viber.png"],"assets/images/youtube.png":["assets/images/youtube.png"],"packages/cupertino_icons/assets/CupertinoIcons.ttf":["packages/cupertino_icons/assets/CupertinoIcons.ttf"]}